{"metaNodes":[{"Name:":"ROOT"," has path":"","children":3},{"Name:":"FCO"," has path":"/1","base":"FCO","children":0},{"Name:":"Initial"," has path":"/9/6","base":"StateBase","children":0},{"Name:":"End"," has path":"/9/j","base":"StateBase","children":0},{"Name:":"StateBase"," has path":"/9/K","base":"Base","children":0},{"Name:":"State"," has path":"/9/pp","base":"StateBase","children":0},{"Name:":"Base"," has path":"/9/F","base":"Base","children":0},{"Name:":"End"," has path":"/R/K","base":"StateBase","children":0}]}