{
  "metaNodes": [
    {
      "Name:": "FCO",
      "path": "/1",
      "base": "null",
      "children": 0
    },
    {
      "Name:": "Language",
      "path": "/9",
      "base": "FCO",
      "children": 6
    },
    {
      "Name:": "Initial",
      "path": "/9/6",
      "base": "StateBase",
      "children": 0
    },
    {
      "Name:": "End",
      "path": "/9/j",
      "base": "StateBase",
      "children": 0
    },
    {
      "Name:": "StateBase",
      "path": "/9/K",
      "base": "FCO",
      "children": 0
    },
    {
      "Name:": "State",
      "path": "/9/pp",
      "base": "StateBase",
      "children": 0
    },
    {
      "Name:": "Transition",
      "path": "/9/i",
      "base": "FCO",
      "children": 0
    },
    {
      "Name:": "Base",
      "path": "/9/F",
      "base": "FCO",
      "children": 0
    }
  ]
}