{
  "name": "ROOT",
  "isMeta": false,
  "base": "null",
  "children": {
    "1": {
      "name": "FCO",
      "isMeta": true,
      "base": "null",
      "children": {}
    },
    "9": {
      "name": "Language",
      "isMeta": true,
      "base": "FCO",
      "children": {
        "6": {
          "name": "Initial",
          "isMeta": true,
          "base": "StateBase",
          "children": {}
        },
        "j": {
          "name": "End",
          "isMeta": true,
          "base": "StateBase",
          "children": {}
        },
        "K": {
          "name": "StateBase",
          "isMeta": true,
          "base": "FCO",
          "children": {}
        },
        "pp": {
          "name": "State",
          "isMeta": true,
          "base": "StateBase",
          "children": {}
        },
        "i": {
          "name": "Transition",
          "isMeta": true,
          "base": "FCO",
          "children": {}
        },
        "F": {
          "name": "Base",
          "isMeta": true,
          "base": "FCO",
          "children": {}
        }
      }
    },
    "R": {
      "name": "StateMachine",
      "isMeta": false,
      "base": "Base",
      "children": {
        "5": {
          "name": "1",
          "isMeta": false,
          "base": "Transition",
          "children": {}
        },
        "7": {
          "name": "1",
          "isMeta": false,
          "base": "Transition",
          "children": {}
        },
        "z": {
          "name": "0",
          "isMeta": false,
          "base": "Transition",
          "children": {}
        },
        "g": {
          "name": "1",
          "isMeta": false,
          "base": "Transition",
          "children": {}
        },
        "i": {
          "name": "0",
          "isMeta": false,
          "base": "Transition",
          "children": {}
        },
        "o": {
          "name": "InitialState",
          "isMeta": false,
          "base": "Initial",
          "children": {}
        },
        "Z": {
          "name": "State1",
          "isMeta": false,
          "base": "State",
          "children": {}
        },
        "c": {
          "name": "State2",
          "isMeta": false,
          "base": "State",
          "children": {}
        },
        "K": {
          "name": "End",
          "isMeta": false,
          "base": "End",
          "children": {}
        },
        "D": {
          "name": "1",
          "isMeta": false,
          "base": "Transition",
          "children": {}
        },
        "M": {
          "name": "0",
          "isMeta": false,
          "base": "Transition",
          "children": {}
        },
        "f": {
          "name": "0",
          "isMeta": false,
          "base": "Transition",
          "children": {}
        }
      }
    }
  }
}